{
  "nodes": [
    { "id": "ch1_intro_app", "label": "電腦科技的認識與應用", "level": 1, "group": "ch1" },
    { "id": "sec1_1_history", "label": "電腦的發展歷史", "level": 2, "group": "ch1" },
    { "id": "l3_gen1", "label": "第一代: 真空管", "level": 3, "group": "ch1" },
    { "id": "l3_gen2", "label": "第二代: 電晶體", "level": 3, "group": "ch1" },
    { "id": "l3_gen3", "label": "第三代: 積體電路(IC)", "level": 3, "group": "ch1" },
    { "id": "l3_gen4", "label": "第四代: 超大型積體電路(VLSI)", "level": 3, "group": "ch1" },
    { "id": "l3_gen5", "label": "第五代趨勢: 人工智慧", "level": 3, "group": "ch1" },
    { "id": "sec1_2_types", "label": "電腦的類型", "level": 2, "group": "ch1" },
    { "id": "l3_supercomputer", "label": "超級電腦", "level": 3, "group": "ch1" },
    { "id": "l3_mainframe", "label": "大型電腦", "level": 3, "group": "ch1" },
    { "id": "l3_minicomputer", "label": "迷你電腦", "level": 3, "group": "ch1" },
    { "id": "l3_microcomputer", "label": "微電腦", "level": 3, "group": "ch1" },
    { "id": "l4_pc", "label": "個人電腦 (PC)", "level": 4, "group": "ch1" },
    { "id": "l5_desktop", "label": "桌上型電腦", "level": 5, "group": "ch1" },
    { "id": "l5_notebook", "label": "筆記型電腦", "level": 5, "group": "ch1" },
    { "id": "l4_tablet", "label": "平板電腦", "level": 4, "group": "ch1" },
    { "id": "l4_smartphone", "label": "智慧型手機", "level": 4, "group": "ch1" },
    { "id": "sec1_3_apps", "label": "電腦在資訊時代的應用", "level": 2, "group": "ch1" },
    { "id": "l3_personal_apps", "label": "個人應用", "level": 3, "group": "ch1" },
    { "id": "l3_edu_apps", "label": "教育應用", "level": 3, "group": "ch1" },
    { "id": "l3_social_apps", "label": "社會/管理應用", "level": 3, "group": "ch1" },

    { "id": "ch2_data_proc", "label": "電腦處理資料的方式", "level": 1, "group": "ch2" },
    { "id": "sec2_1_units", "label": "資料處理的基本單位", "level": 2, "group": "ch2" },
    { "id": "l3_bit_byte", "label": "位元(Bit)與位元組(Byte)", "level": 3, "group": "ch2" },
    { "id": "l3_data_rate", "label": "數據傳輸速率(bps)", "level": 3, "group": "ch2" },
    { "id": "sec2_2_num_sys", "label": "數字系統", "level": 2, "group": "ch2" },
    { "id": "l3_binary", "label": "二進位", "level": 3, "group": "ch2" },
    { "id": "l3_decimal", "label": "十進位", "level": 3, "group": "ch2" },
    { "id": "l3_octal_hex", "label": "八進位與十六進位", "level": 3, "group": "ch2" },
    { "id": "sec2_3_representation", "label": "電腦資料表示法", "level": 2, "group": "ch2" },
    { "id": "l3_integer_rep", "label": "整數表示法(補數)", "level": 3, "group": "ch2" },
    { "id": "l3_float_rep", "label": "浮點數表示法(IEEE 754)", "level": 3, "group": "ch2" },
    { "id": "l3_text_rep", "label": "文字資料表示法", "level": 3, "group": "ch2" },
    { "id": "l4_ascii", "label": "ASCII", "level": 4, "group": "ch2" },
    { "id": "l4_big5", "label": "Big5", "level": 4, "group": "ch2" },
    { "id": "l4_unicode", "label": "Unicode", "level": 4, "group": "ch2" },

    { "id": "ch3_hardware", "label": "電腦硬體組成與周邊設備", "level": 1, "group": "ch3" },
    { "id": "sec3_1_components", "label": "認識電腦組成元件", "level": 2, "group": "ch3" },
    { "id": "l3_5units", "label": "電腦五大單元", "level": 3, "group": "ch3" },
    { "id": "l4_input_unit", "label": "輸入單元", "level": 4, "group": "ch3" },
    { "id": "l4_output_unit", "label": "輸出單元", "level": 4, "group": "ch3" },
    { "id": "l4_control_unit", "label": "控制單元", "level": 4, "group": "ch3" },
    { "id": "l4_memory_unit", "label": "記憶單元", "level": 4, "group": "ch3" },
    { "id": "l4_alu", "label": "算術邏輯運算單元", "level": 4, "group": "ch3" },
    { "id": "sec3_2_main_unit", "label": "電腦主機的組成", "level": 2, "group": "ch3" },
    { "id": "l3_cpu", "label": "CPU (中央處理器)", "level": 3, "group": "ch3" },
    { "id": "l4_register", "label": "暫存器", "level": 4, "group": "ch3" },
    { "id": "l4_cache", "label": "快取記憶體", "level": 4, "group": "ch3" },
    { "id": "l5_l1_cache", "label": "L1 Cache", "level": 5, "group": "ch3" },
    { "id": "l5_l2_cache", "label": "L2 Cache", "level": 5, "group": "ch3" },
    { "id": "l5_l3_cache", "label": "L3 Cache", "level": 5, "group": "ch3" },
    { "id": "l4_clock", "label": "工作時脈", "level": 4, "group": "ch3" },
    { "id": "l4_cisc_risc", "label": "指令集(CISC/RISC)", "level": 4, "group": "ch3" },
    { "id": "l3_motherboard", "label": "主機板", "level": 3, "group": "ch3" },
    { "id": "l3_ram", "label": "記憶體 (RAM)", "level": 3, "group": "ch3" },
    { "id": "l3_gpu", "label": "顯示卡", "level": 3, "group": "ch3" },
    { "id": "l4_vga_dvi_hdmi", "label": "連接埠 (VGA/DVI/HDMI)", "level": 4, "group": "ch3" },
    { "id": "l3_storage", "label": "硬碟機/光碟機", "level": 3, "group": "ch3" },
    { "id": "l4_sata", "label": "SATA 介面", "level": 4, "group": "ch3" },
    { "id": "sec3_3_io", "label": "輸出/入設備", "level": 2, "group": "ch3" },
    { "id": "l3_usb", "label": "通用序列匯流排(USB)", "level": 3, "group": "ch3" },
    { "id": "sec3_4_faq", "label": "電腦使用常見問題", "level": 2, "group": "ch3" },

    { "id": "ch4_software", "label": "電腦軟體簡介", "level": 1, "group": "ch4" },
    { "id": "sec4_1_classification", "label": "軟體的分類", "level": 2, "group": "ch4" },
    { "id": "l3_sw_func_class", "label": "功能性分類", "level": 3, "group": "ch4" },
    { "id": "l4_system_sw", "label": "系統軟體", "level": 4, "group": "ch4" },
    { "id": "l4_app_sw", "label": "應用軟體", "level": 4, "group": "ch4" },
    { "id": "l3_sw_auth_class", "label": "授權方式分類", "level": 3, "group": "ch4" },
    { "id": "l4_proprietary_sw", "label": "專屬軟體", "level": 4, "group": "ch4" },
    { "id": "l4_free_sw", "label": "自由軟體(開源)", "level": 4, "group": "ch4" },
    { "id": "l4_shareware", "label": "共享軟體", "level": 4, "group": "ch4" },
    { "id": "l4_freeware", "label": "免費軟體", "level": 4, "group": "ch4" },
    { "id": "sec4_2_system_sw_detail", "label": "認識系統軟體", "level": 2, "group": "ch4" },
    { "id": "l3_utility", "label": "公用程式", "level": 3, "group": "ch4" },
    { "id": "l3_dev_tool", "label": "開發工具(編譯/組譯)", "level": 3, "group": "ch4" },
    { "id": "sec4_3_app_sw_detail", "label": "認識應用軟體", "level": 2, "group": "ch4" },
    { "id": "l3_office_sw", "label": "辦公室軟體", "level": 3, "group": "ch4" },
    { "id": "l3_multimedia_sw", "label": "多媒體軟體", "level": 3, "group": "ch4" },
    { "id": "sec4_4_maintenance", "label": "軟體安裝與維護", "level": 2, "group": "ch4" },

    { "id": "ch5_os", "label": "作業系統", "level": 1, "group": "ch5" },
    { "id": "sec5_1_intro_os", "label": "認識作業系統", "level": 2, "group": "ch5" },
    { "id": "l3_os_func", "label": "作業系統功能", "level": 3, "group": "ch5" },
    { "id": "l4_gui_cli", "label": "人機介面(GUI/CLI)", "level": 4, "group": "ch5" },
    { "id": "l4_resource_mgt", "label": "資源管理", "level": 4, "group": "ch5" },
    { "id": "l3_os_structure", "label": "作業系統結構", "level": 3, "group": "ch5" },
    { "id": "l4_layered_kernel", "label": "階層/微核心/模組", "level": 4, "group": "ch5" },
    { "id": "l3_os_op", "label": "作業系統運作", "level": 3, "group": "ch5" },
    { "id": "l4_interrupt", "label": "中斷(Interrupt)", "level": 4, "group": "ch5" },
    { "id": "l4_process_mgt", "label": "行程管理", "level": 4, "group": "ch5" },
    { "id": "sec5_2_os_types", "label": "作業系統的類型", "level": 2, "group": "ch5" },
    { "id": "l3_batch_multi", "label": "批次/多元/多工處理", "level": 3, "group": "ch5" },
    { "id": "sec5_3_common_os", "label": "常見作業系統介紹", "level": 2, "group": "ch5" },
    { "id": "l3_desktop_os", "label": "桌面作業系統", "level": 3, "group": "ch5" },
    { "id": "l4_windows", "label": "Windows", "level": 4, "group": "ch5" },
    { "id": "l4_macos", "label": "macOS", "level": 4, "group": "ch5" },
    { "id": "l4_linux", "label": "Linux", "level": 4, "group": "ch5" },
    { "id": "l3_mobile_os", "label": "行動作業系統", "level": 3, "group": "ch5" },
    { "id": "l4_ios", "label": "iOS", "level": 4, "group": "ch5" },
    { "id": "l4_android", "label": "Android", "level": 4, "group": "ch5" },

    { "id": "ch6_multimedia", "label": "數位多媒體", "level": 1, "group": "ch6" },
    { "id": "sec6_1_intro_mm", "label": "認識多媒體", "level": 2, "group": "ch6" },
    { "id": "sec6_2_text", "label": "文字媒體", "level": 2, "group": "ch6" },
    { "id": "l3_font_type", "label": "字體分類 (襯線/無襯線)", "level": 3, "group": "ch6" },
    { "id": "l3_font_format", "label": "字型格式 (點陣/描邊)", "level": 3, "group": "ch6" },
    { "id": "sec6_3_audio", "label": "音訊媒體", "level": 2, "group": "ch6" },
    { "id": "l3_audio_digital", "label": "音訊數位化 (取樣/解析度)", "level": 3, "group": "ch6" },
    { "id": "l3_audio_format", "label": "音訊格式 (WAV/MP3/WMA)", "level": 3, "group": "ch6" },
    { "id": "sec6_4_image", "label": "影像媒體", "level": 2, "group": "ch6" },
    { "id": "l3_bitmap_vector", "label": "點陣圖 vs 向量圖", "level": 3, "group": "ch6" },
    { "id": "l3_color_model", "label": "色彩模式 (RGB/CMYK)", "level": 3, "group": "ch6" },
    { "id": "l3_image_format", "label": "影像格式 (BMP/JPG/GIF/PNG)", "level": 3, "group": "ch6" },
    { "id": "sec6_5_video", "label": "視訊媒體", "level": 2, "group": "ch6" },
    { "id": "l3_video_principle", "label": "視訊原理 (畫面更新率)", "level": 3, "group": "ch6" },
    { "id": "l3_video_format", "label": "視訊格式 (MPEG/AVI)", "level": 3, "group": "ch6" },
    { "id": "sec6_6_animation", "label": "動畫媒體", "level": 2, "group": "ch6" },
    { "id": "l3_2d_3d_anim", "label": "2D/3D 動畫", "level": 3, "group": "ch6" },

    { "id": "ch7_database", "label": "資料庫", "level": 1, "group": "ch7" },
    { "id": "sec7_1_principles", "label": "資料庫原理", "level": 2, "group": "ch7" },
    { "id": "l3_data_hierarchy", "label": "資料階層", "level": 3, "group": "ch7" },
    { "id": "l3_dbms", "label": "資料庫管理系統 (DBMS)", "level": 3, "group": "ch7" },
    { "id": "sec7_2_db_types", "label": "資料庫類型", "level": 2, "group": "ch7" },
    { "id": "l3_db_models", "label": "資料庫模型 (階層/網狀/關聯式)", "level": 3, "group": "ch7" },
    { "id": "sec7_3_relational_db", "label": "關聯式資料庫", "level": 2, "group": "ch7" },
    { "id": "l3_key", "label": "鍵值 (Key)", "level": 3, "group": "ch7" },
    { "id": "l4_pk_fk", "label": "主鍵 (Primary Key) / 外來鍵 (Foreign Key)", "level": 4, "group": "ch7" },
    { "id": "l3_erd", "label": "實體關聯圖 (ERD)", "level": 3, "group": "ch7" },
    { "id": "l3_normalization", "label": "正規化", "level": 3, "group": "ch7" },
    { "id": "l3_sql", "label": "SQL", "level": 3, "group": "ch7" },

    { "id": "ch8_network", "label": "網路與行動通訊基本概念", "level": 1, "group": "ch8" },
    { "id": "sec8_1_intro_net", "label": "認識電腦網路", "level": 2, "group": "ch8" },
    { "id": "l3_net_type", "label": "網路類型", "level": 3, "group": "ch8" },
    { "id": "l4_lan_wan", "label": "LAN/MAN/WAN", "level": 4, "group": "ch8" },
    { "id": "l3_net_devices", "label": "網路設備", "level": 3, "group": "ch8" },
    { "id": "l4_router", "label": "路由器", "level": 4, "group": "ch8" },
    { "id": "l4_switch", "label": "交換器", "level": 4, "group": "ch8" },
    { "id": "l4_hub", "label": "集線器", "level": 4, "group": "ch8" },
    { "id": "l3_topology", "label": "網路拓樸", "level": 3, "group": "ch8" },
    { "id": "l4_star_ring_bus", "label": "星狀/環狀/匯流排", "level": 4, "group": "ch8" },
    { "id": "sec8_2_protocols", "label": "網路通訊協定", "level": 2, "group": "ch8" },
    { "id": "l3_osi_model", "label": "OSI 七層模型", "level": 3, "group": "ch8" },
    { "id": "l3_tcpip_model", "label": "TCP/IP 模型", "level": 3, "group": "ch8" },
    { "id": "l3_ieee802", "label": "IEEE 802 標準", "level": 3, "group": "ch8" },
    { "id": "l4_802_3", "label": "802.3 乙太網路", "level": 4, "group": "ch8" },
    { "id": "l4_802_11", "label": "802.11 無線網路 (Wi-Fi)", "level": 4, "group": "ch8" },
    { "id": "sec8_3_mobile_comm", "label": "行動通訊系統", "level": 2, "group": "ch8" },
    { "id": "l3_mobile_gen", "label": "行動通訊世代", "level": 3, "group": "ch8" },
    { "id": "l4_3g", "label": "3G (WCDMA)", "level": 4, "group": "ch8" },
    { "id": "l4_4g", "label": "4G (LTE)", "level": 4, "group": "ch8" },
    
    { "id": "ch9_internet", "label": "網際網路與資源應用", "level": 1, "group": "ch9" },
    { "id": "sec9_1_internet_www", "label": "網際網路與全球資訊網", "level": 2, "group": "ch9" },
    { "id": "l3_ip_dns", "label": "IP位址 & DNS", "level": 3, "group": "ch9" },
    { "id": "l4_ipv4_ipv6", "label": "IPv4 / IPv6", "level": 4, "group": "ch9" },
    { "id": "l3_www_http_html", "label": "WWW/HTTP/HTML", "level": 3, "group": "ch9" },
    { "id": "sec9_2_services", "label": "網際網路服務", "level": 2, "group": "ch9" },
    { "id": "l3_email_ftp_im", "label": "Email/FTP/即時通訊", "level": 3, "group": "ch9" },
    { "id": "sec9_3_apps", "label": "網際網路應用", "level": 2, "group": "ch9" },
    { "id": "l3_cloud", "label": "雲端運算", "level": 3, "group": "ch9" },
    { "id": "l4_iaas_paas_saas", "label": "IaaS/PaaS/SaaS", "level": 4, "group": "ch9" },
    
    { "id": "ch10_ecommerce", "label": "電子商務導論", "level": 1, "group": "ch10" },
    { "id": "sec10_1_intro_ec", "label": "電子商務基本概念", "level": 2, "group": "ch10" },
    { "id": "l3_4_flows", "label": "電子商務四流 (商流/金流/物流/資訊流)", "level": 3, "group": "ch10" },
    { "id": "sec10_2_models", "label": "電子商務經營模式", "level": 2, "group": "ch10" },
    { "id": "l3_b2b", "label": "B2B", "level": 3, "group": "ch10" },
    { "id": "l3_b2c", "label": "B2C", "level": 3, "group": "ch10" },
    { "id": "l3_c2c", "label": "C2C", "level": 3, "group": "ch10" },
    { "id": "sec10_3_payment", "label": "電子商務付款機制", "level": 2, "group": "ch10" },
    { "id": "l3_online_payment", "label": "線上刷卡/第三方支付", "level": 3, "group": "ch10" },
    { "id": "sec10_5_security", "label": "網路交易安全機制", "level": 2, "group": "ch10" },
    { "id": "l3_set_ssl", "label": "SET / SSL", "level": 3, "group": "ch10" },

    { "id": "ch11_security_ethics", "label": "資訊安全與倫理", "level": 1, "group": "ch11" },
    { "id": "sec11_1_intro_sec", "label": "認識網路資訊安全", "level": 2, "group": "ch11" },
    { "id": "l3_sec_threats", "label": "資訊安全威脅", "level": 3, "group": "ch11" },
    { "id": "sec11_2_techniques", "label": "網路資訊安全技術", "level": 2, "group": "ch11" },
    { "id": "l3_encryption", "label": "加密技術", "level": 3, "group": "ch11" },
    { "id": "l4_symmetric_enc", "label": "對稱式加密", "level": 4, "group": "ch11" },
    { "id": "l4_asymmetric_enc", "label": "非對稱式加密", "level": 4, "group": "ch11" },
    { "id": "l3_digital_signature", "label": "數位簽章", "level": 3, "group": "ch11" },
    { "id": "l3_firewall", "label": "防火牆", "level": 3, "group": "ch11" },
    { "id": "sec11_3_malware", "label": "惡意軟體與防範", "level": 2, "group": "ch11" },
    { "id": "l3_virus", "label": "電腦病毒", "level": 3, "group": "ch11" },
    { "id": "l3_spyware", "label": "間諜軟體", "level": 3, "group": "ch11" },
    { "id": "l3_adware", "label": "廣告軟體", "level": 3, "group": "ch11" },
    { "id": "sec11_4_ethics_law", "label": "認識資訊倫理與法律", "level": 2, "group": "ch11" },
    { "id": "l3_ipr", "label": "智慧財產權", "level": 3, "group": "ch11" }
  ],
  "edges": [
    { "source": "sec1_1_history", "target": "ch1_intro_app", "label": "是...的一部分" },
    { "source": "l3_gen1", "target": "sec1_1_history", "label": "是...的一部分" },
    { "source": "l3_gen2", "target": "sec1_1_history", "label": "是...的一部分" },
    { "source": "l3_gen3", "target": "sec1_1_history", "label": "是...的一部分" },
    { "source": "l3_gen4", "target": "sec1_1_history", "label": "是...的一部分" },
    { "source": "l3_gen5", "target": "sec1_1_history", "label": "是...的一部分" },
    { "source": "sec1_2_types", "target": "ch1_intro_app", "label": "是...的一部分" },
    { "source": "l3_supercomputer", "target": "sec1_2_types", "label": "是...的一部分" },
    { "source": "l3_mainframe", "target": "sec1_2_types", "label": "是...的一部分" },
    { "source": "l3_minicomputer", "target": "sec1_2_types", "label": "是...的一部分" },
    { "source": "l3_microcomputer", "target": "sec1_2_types", "label": "是...的一部分" },
    { "source": "l4_pc", "target": "l3_microcomputer", "label": "是一種" },
    { "source": "l5_desktop", "target": "l4_pc", "label": "是...的一部分" },
    { "source": "l5_notebook", "target": "l4_pc", "label": "是...的一部分" },
    { "source": "l4_tablet", "target": "l3_microcomputer", "label": "是一種" },
    { "source": "l4_smartphone", "target": "l3_microcomputer", "label": "是一種" },
    { "source": "sec1_3_apps", "target": "ch1_intro_app", "label": "是...的一部分" },
    { "source": "l3_personal_apps", "target": "sec1_3_apps", "label": "是...的一部分" },
    { "source": "l3_edu_apps", "target": "sec1_3_apps", "label": "是...的一部分" },
    { "source": "l3_social_apps", "target": "sec1_3_apps", "label": "是...的一部分" },
    
    { "source": "sec2_1_units", "target": "ch2_data_proc", "label": "是...的一部分" },
    { "source": "l3_bit_byte", "target": "sec2_1_units", "label": "是...的一部分" },
    { "source": "l3_data_rate", "target": "sec2_1_units", "label": "是...的一部分" },
    { "source": "sec2_2_num_sys", "target": "ch2_data_proc", "label": "是...的一部分" },
    { "source": "l3_binary", "target": "sec2_2_num_sys", "label": "是...的一部分" },
    { "source": "l3_decimal", "target": "sec2_2_num_sys", "label": "是...的一部分" },
    { "source": "l3_octal_hex", "target": "sec2_2_num_sys", "label": "是...的一部分" },
    { "source": "sec2_3_representation", "target": "ch2_data_proc", "label": "是...的一部分" },
    { "source": "l3_integer_rep", "target": "sec2_3_representation", "label": "是...的一部分" },
    { "source": "l3_float_rep", "target": "sec2_3_representation", "label": "是...的一部分" },
    { "source": "l3_text_rep", "target": "sec2_3_representation", "label": "是...的一部分" },
    { "source": "l4_ascii", "target": "l3_text_rep", "label": "是一種" },
    { "source": "l4_big5", "target": "l3_text_rep", "label": "是一種" },
    { "source": "l4_unicode", "target": "l3_text_rep", "label": "是一種" },

    { "source": "sec3_1_components", "target": "ch3_hardware", "label": "是...的一部分" },
    { "source": "l3_5units", "target": "sec3_1_components", "label": "是...的一部分" },
    { "source": "l4_input_unit", "target": "l3_5units", "label": "構成" },
    { "source": "l4_output_unit", "target": "l3_5units", "label": "構成" },
    { "source": "l4_control_unit", "target": "l3_5units", "label": "構成" },
    { "source": "l4_memory_unit", "target": "l3_5units", "label": "構成" },
    { "source": "l4_alu", "target": "l3_5units", "label": "構成" },
    { "source": "sec3_2_main_unit", "target": "ch3_hardware", "label": "是...的一部分" },
    { "source": "l3_cpu", "target": "sec3_2_main_unit", "label": "是...的一部分" },
    { "source": "l4_register", "target": "l3_cpu", "label": "包含" },
    { "source": "l4_cache", "target": "l3_cpu", "label": "包含" },
    { "source": "l5_l1_cache", "target": "l4_cache", "label": "是...的一部分" },
    { "source": "l5_l2_cache", "target": "l4_cache", "label": "是...的一部分" },
    { "source": "l5_l3_cache", "target": "l4_cache", "label": "是...的一部分" },
    { "source": "l4_clock", "target": "l3_cpu", "label": "是...的屬性" },
    { "source": "l4_cisc_risc", "target": "l3_cpu", "label": "是一種架構" },
    { "source": "l4_control_unit", "target": "l3_cpu", "label": "是...的一部分" },
    { "source": "l4_alu", "target": "l3_cpu", "label": "是...的一部分" },
    { "source": "l3_motherboard", "target": "sec3_2_main_unit", "label": "是...的一部分" },
    { "source": "l3_cpu", "target": "l3_motherboard", "label": "安裝於" },
    { "source": "l3_ram", "target": "l3_motherboard", "label": "安裝於" },
    { "source": "l3_gpu", "target": "l3_motherboard", "label": "安裝於" },
    { "source": "l3_ram", "target": "sec3_2_main_unit", "label": "是...的一部分" },
    { "source": "l3_gpu", "target": "sec3_2_main_unit", "label": "是...的一部分" },
    { "source": "l4_vga_dvi_hdmi", "target": "l3_gpu", "label": "提供" },
    { "source": "l3_storage", "target": "sec3_2_main_unit", "label": "是...的一部分" },
    { "source": "l4_sata", "target": "l3_storage", "label": "使用介面" },
    { "source": "sec3_3_io", "target": "ch3_hardware", "label": "是...的一部分" },
    { "source": "l3_usb", "target": "sec3_3_io", "label": "是常用介面" },
    { "source": "sec3_4_faq", "target": "ch3_hardware", "label": "是...的一部分" },

    { "source": "sec4_1_classification", "target": "ch4_software", "label": "是...的一部分" },
    { "source": "l3_sw_func_class", "target": "sec4_1_classification", "label": "是...的一部分" },
    { "source": "l4_system_sw", "target": "l3_sw_func_class", "label": "是...的一部分" },
    { "source": "l4_app_sw", "target": "l3_sw_func_class", "label": "是...的一部分" },
    { "source": "l3_sw_auth_class", "target": "sec4_1_classification", "label": "是...的一部分" },
    { "source": "l4_proprietary_sw", "target": "l3_sw_auth_class", "label": "是...的一部分" },
    { "source": "l4_free_sw", "target": "l3_sw_auth_class", "label": "是...的一部分" },
    { "source": "l4_shareware", "target": "l3_sw_auth_class", "label": "是...的一部分" },
    { "source": "l4_freeware", "target": "l3_sw_auth_class", "label": "是...的一部分" },
    { "source": "sec4_2_system_sw_detail", "target": "ch4_software", "label": "是...的一部分" },
    { "source": "l3_utility", "target": "sec4_2_system_sw_detail", "label": "是...的一部分" },
    { "source": "l3_dev_tool", "target": "sec4_2_system_sw_detail", "label": "是...的一部分" },
    { "source": "sec4_3_app_sw_detail", "target": "ch4_software", "label": "是...的一部分" },
    { "source": "l3_office_sw", "target": "sec4_3_app_sw_detail", "label": "是...的一部分" },
    { "source": "l3_multimedia_sw", "target": "sec4_3_app_sw_detail", "label": "是...的一部分" },
    { "source": "sec4_4_maintenance", "target": "ch4_software", "label": "是...的一部分" },

    { "source": "sec5_1_intro_os", "target": "ch5_os", "label": "是...的一部分" },
    { "source": "l3_os_func", "target": "sec5_1_intro_os", "label": "是...的一部分" },
    { "source": "l4_gui_cli", "target": "l3_os_func", "label": "是...的一部分" },
    { "source": "l4_resource_mgt", "target": "l3_os_func", "label": "是...的一部分" },
    { "source": "l3_os_structure", "target": "sec5_1_intro_os", "label": "是...的一部分" },
    { "source": "l4_layered_kernel", "target": "l3_os_structure", "label": "是...的一部分" },
    { "source": "l3_os_op", "target": "sec5_1_intro_os", "label": "是...的一部分" },
    { "source": "l4_interrupt", "target": "l3_os_op", "label": "是...的一部分" },
    { "source": "l4_process_mgt", "target": "l3_os_op", "label": "是...的一部分" },
    { "source": "sec5_2_os_types", "target": "ch5_os", "label": "是...的一部分" },
    { "source": "l3_batch_multi", "target": "sec5_2_os_types", "label": "是...的一部分" },
    { "source": "sec5_3_common_os", "target": "ch5_os", "label": "是...的一部分" },
    { "source": "l3_desktop_os", "target": "sec5_3_common_os", "label": "是...的一部分" },
    { "source": "l4_windows", "target": "l3_desktop_os", "label": "是一種" },
    { "source": "l4_macos", "target": "l3_desktop_os", "label": "是一種" },
    { "source": "l4_linux", "target": "l3_desktop_os", "label": "是一種" },
    { "source": "l3_mobile_os", "target": "sec5_3_common_os", "label": "是...的一部分" },
    { "source": "l4_ios", "target": "l3_mobile_os", "label": "是一種" },
    { "source": "l4_android", "target": "l3_mobile_os", "label": "是一種" },

    { "source": "sec6_1_intro_mm", "target": "ch6_multimedia", "label": "是...的一部分" },
    { "source": "sec6_2_text", "target": "ch6_multimedia", "label": "是...的一部分" },
    { "source": "l3_font_type", "target": "sec6_2_text", "label": "是...的一部分" },
    { "source": "l3_font_format", "target": "sec6_2_text", "label": "是...的一部分" },
    { "source": "sec6_3_audio", "target": "ch6_multimedia", "label": "是...的一部分" },
    { "source": "l3_audio_digital", "target": "sec6_3_audio", "label": "是...的一部分" },
    { "source": "l3_audio_format", "target": "sec6_3_audio", "label": "是...的一部分" },
    { "source": "sec6_4_image", "target": "ch6_multimedia", "label": "是...的一部分" },
    { "source": "l3_bitmap_vector", "target": "sec6_4_image", "label": "是...的一部分" },
    { "source": "l3_color_model", "target": "sec6_4_image", "label": "是...的一部分" },
    { "source": "l3_image_format", "target": "sec6_4_image", "label": "是...的一部分" },
    { "source": "sec6_5_video", "target": "ch6_multimedia", "label": "是...的一部分" },
    { "source": "l3_video_principle", "target": "sec6_5_video", "label": "是...的一部分" },
    { "source": "l3_video_format", "target": "sec6_5_video", "label": "是...的一部分" },
    { "source": "sec6_6_animation", "target": "ch6_multimedia", "label": "是...的一部分" },
    { "source": "l3_2d_3d_anim", "target": "sec6_6_animation", "label": "是...的一部分" },

    { "source": "sec7_1_principles", "target": "ch7_database", "label": "是...的一部分" },
    { "source": "l3_data_hierarchy", "target": "sec7_1_principles", "label": "是...的一部分" },
    { "source": "l3_dbms", "target": "sec7_1_principles", "label": "是...的一部分" },
    { "source": "sec7_2_db_types", "target": "ch7_database", "label": "是...的一部分" },
    { "source": "l3_db_models", "target": "sec7_2_db_types", "label": "是...的一部分" },
    { "source": "sec7_3_relational_db", "target": "ch7_database", "label": "是...的一部分" },
    { "source": "l3_key", "target": "sec7_3_relational_db", "label": "是...的一部分" },
    { "source": "l4_pk_fk", "target": "l3_key", "label": "是...的一部分" },
    { "source": "l3_erd", "target": "sec7_3_relational_db", "label": "是...的一部分" },
    { "source": "l3_normalization", "target": "sec7_3_relational_db", "label": "是...的一部分" },
    { "source": "l3_sql", "target": "sec7_3_relational_db", "label": "是...的一部分" },

    { "source": "sec8_1_intro_net", "target": "ch8_network", "label": "是...的一部分" },
    { "source": "l3_net_type", "target": "sec8_1_intro_net", "label": "是...的一部分" },
    { "source": "l4_lan_wan", "target": "l3_net_type", "label": "是...的一部分" },
    { "source": "l3_net_devices", "target": "sec8_1_intro_net", "label": "是...的一部分" },
    { "source": "l4_router", "target": "l3_net_devices", "label": "是...的一部分" },
    { "source": "l4_switch", "target": "l3_net_devices", "label": "是...的一部分" },
    { "source": "l4_hub", "target": "l3_net_devices", "label": "是...的一部分" },
    { "source": "l3_topology", "target": "sec8_1_intro_net", "label": "是...的一部分" },
    { "source": "l4_star_ring_bus", "target": "l3_topology", "label": "是...的一部分" },
    { "source": "sec8_2_protocols", "target": "ch8_network", "label": "是...的一部分" },
    { "source": "l3_osi_model", "target": "sec8_2_protocols", "label": "是...的一部分" },
    { "source": "l3_tcpip_model", "target": "sec8_2_protocols", "label": "是...的一部分" },
    { "source": "l3_ieee802", "target": "sec8_2_protocols", "label": "是...的一部分" },
    { "source": "l4_802_3", "target": "l3_ieee802", "label": "是...的一部分" },
    { "source": "l4_802_11", "target": "l3_ieee802", "label": "是...的一部分" },
    { "source": "sec8_3_mobile_comm", "target": "ch8_network", "label": "是...的一部分" },
    { "source": "l3_mobile_gen", "target": "sec8_3_mobile_comm", "label": "是...的一部分" },
    { "source": "l4_3g", "target": "l3_mobile_gen", "label": "是...的一部分" },
    { "source": "l4_4g", "target": "l3_mobile_gen", "label": "是...的一部分" },
    
    { "source": "sec9_1_internet_www", "target": "ch9_internet", "label": "是...的一部分" },
    { "source": "l3_ip_dns", "target": "sec9_1_internet_www", "label": "是...的一部分" },
    { "source": "l4_ipv4_ipv6", "target": "l3_ip_dns", "label": "包含" },
    { "source": "l3_www_http_html", "target": "sec9_1_internet_www", "label": "是...的一部分" },
    { "source": "sec9_2_services", "target": "ch9_internet", "label": "是...的一部分" },
    { "source": "l3_email_ftp_im", "target": "sec9_2_services", "label": "是...的一部分" },
    { "source": "sec9_3_apps", "target": "ch9_internet", "label": "是...的一部分" },
    { "source": "l3_cloud", "target": "sec9_3_apps", "label": "是...的一部分" },
    { "source": "l4_iaas_paas_saas", "target": "l3_cloud", "label": "包含服務模式" },
    
    { "source": "sec10_1_intro_ec", "target": "ch10_ecommerce", "label": "是...的一部分" },
    { "source": "l3_4_flows", "target": "sec10_1_intro_ec", "label": "是...的一部分" },
    { "source": "sec10_2_models", "target": "ch10_ecommerce", "label": "是...的一部分" },
    { "source": "l3_b2b", "target": "sec10_2_models", "label": "是...的一部分" },
    { "source": "l3_b2c", "target": "sec10_2_models", "label": "是...的一部分" },
    { "source": "l3_c2c", "target": "sec10_2_models", "label": "是...的一部分" },
    { "source": "sec10_3_payment", "target": "ch10_ecommerce", "label": "是...的一部分" },
    { "source": "l3_online_payment", "target": "sec10_3_payment", "label": "是...的一部分" },
    { "source": "sec10_5_security", "target": "ch10_ecommerce", "label": "是...的一部分" },
    { "source": "l3_set_ssl", "target": "sec10_5_security", "label": "是...的一部分" },

    { "source": "sec11_1_intro_sec", "target": "ch11_security_ethics", "label": "是...的一部分" },
    { "source": "l3_sec_threats", "target": "sec11_1_intro_sec", "label": "是...的一部分" },
    { "source": "sec11_2_techniques", "target": "ch11_security_ethics", "label": "是...的一部分" },
    { "source": "l3_encryption", "target": "sec11_2_techniques", "label": "是...的一部分" },
    { "source": "l4_symmetric_enc", "target": "l3_encryption", "label": "是...的一種" },
    { "source": "l4_asymmetric_enc", "target": "l3_encryption", "label": "是...的一種" },
    { "source": "l3_digital_signature", "target": "sec11_2_techniques", "label": "是...的一部分" },
    { "source": "l3_firewall", "target": "sec11_2_techniques", "label": "是...的一部分" },
    { "source": "sec11_3_malware", "target": "ch11_security_ethics", "label": "是...的一部分" },
    { "source": "l3_virus", "target": "sec11_3_malware", "label": "是...的一部分" },
    { "source": "l3_spyware", "target": "sec11_3_malware", "label": "是...的一部分" },
    { "source": "l3_adware", "target": "sec11_3_malware", "label": "是...的一部分" },
    { "source": "sec11_4_ethics_law", "target": "ch11_security_ethics", "label": "是...的一部分" },
    { "source": "l3_ipr", "target": "sec11_4_ethics_law", "label": "是...的一部分" },

    { "source": "ch3_hardware", "target": "ch4_software", "label": "相互依存" },
    { "source": "ch5_os", "target": "ch3_hardware", "label": "管理" },
    { "source": "ch5_os", "target": "ch4_software", "label": "是...的平台" },
    { "source": "ch2_data_proc", "target": "ch3_hardware", "label": "是...的基礎" },
    { "source": "l3_binary", "target": "l3_text_rep", "label": "是...的基礎" },
    { "source": "ch9_internet", "target": "ch8_network", "label": "建構於" },
    { "source": "ch10_ecommerce", "target": "ch9_internet", "label": "應用於" },
    { "source": "l3_set_ssl", "target": "l3_encryption", "label": "使用" },
    { "source": "l3_digital_signature", "target": "l4_asymmetric_enc", "label": "使用" },
    { "source": "ch11_security_ethics", "target": "ch10_ecommerce", "label": "是...的重要考量" },
    { "source": "ch6_multimedia", "target": "l4_app_sw", "label": "是一種" },
    { "source": "ch7_database", "target": "l4_app_sw", "label": "是一種" }
  ]
}